{
  "project_info": {
    "project_number": "728968019797",
    "project_id": "realtytekbroker",
    "storage_bucket": "realtytekbroker.appspot.com"
  },
  "client": [
    {
      "client_info": {
        "mobilesdk_app_id": "1:728968019797:android:d55325721c5bdd07c179dc",
        "android_client_info": {
          "package_name": "com.capturebroker"
        }
      },
      "oauth_client": [
        {
          "client_id": "728968019797-bi7qt3cod5kv6oqe33aorktaphdfk028.apps.googleusercontent.com",
          "client_type": 3
        }
      ],
      "api_key": [
        {
          "current_key": "AIzaSyAs7DdQ7B-P6SXGMgSoV8A0LuHGRUMJDPs"
        }
      ],
      "services": {
        "appinvite_service": {
          "other_platform_oauth_client": [
            {
              "client_id": "728968019797-bi7qt3cod5kv6oqe33aorktaphdfk028.apps.googleusercontent.com",
              "client_type": 3
            }
          ]
        }
      }
    }
  ],
  "configuration_version": "1"
}