{
  "project_info": {
    "project_number": "173377104196",
    "project_id": "realtytek-customer",
    "storage_bucket": "realtytek-customer.appspot.com"
  },
  "client": [
    {
      "client_info": {
        "mobilesdk_app_id": "1:173377104196:android:0505c216aa326454ac8f11",
        "android_client_info": {
          "package_name": "com.capturecustomer"
        }
      },
      "oauth_client": [
        {
          "client_id": "173377104196-i82fhpbkbpe1b0a570c67feh3dg8b4du.apps.googleusercontent.com",
          "client_type": 3
        }
      ],
      "api_key": [
        {
          "current_key": "AIzaSyD3ThyqmJSJhbghPf44QyztO3nVwLgKhek"
        }
      ],
      "services": {
        "appinvite_service": {
          "other_platform_oauth_client": [
            {
              "client_id": "173377104196-i82fhpbkbpe1b0a570c67feh3dg8b4du.apps.googleusercontent.com",
              "client_type": 3
            }
          ]
        }
      }
    }
  ],
  "configuration_version": "1"
}